title,price,rating,Brand,Item Weight,Item model number,Manufacturer,Series,Form Factor,Standing screen display size,Screen Resolution,Resolution,Processor Brand,Processor Type,Processor Speed,Processor Socket,Processor Count,RAM Size,Memory Technology,Computer Memory Type,Maximum Memory Supported,Memory Clock Speed,Hard Drive Size,Hard Disk Description,Hard Drive Interface,Hard Disk Rotational Speed,Graphics Coprocessor,Graphics Chipset Brand,Graphics Card Description,Graphics RAM Type,Graphics Card Ram Size,Graphics Card Interface,Number of USB 2.0 Ports,Number of USB 3.0 Ports,Optical Drive Type,Operating System
HP ProDesk 600 G3 Desktop Computer - Intel Core i5 (7th Gen) i5-7500 3.40 GHz - 8 GB DDR4 SDRAM - 500GB HDD - Windows 10 Pro 64-bit - Micro Tower - Jet Black - DVD-Writer,8950.0,3.0,Generic,7 Kilograms,600,Hewlett,HP-600-G3,Tower,7,3840 x 2160,3840x2160,Intel,Core i5,3.4 GHz,LGA 1155,4,8,DDR4,DDR4 SDRAM,64 GB,2400 MHz,500,HDD,Serial ATA,7200,Intel HD Graphics 630,Intel,Dedicated,GDDR5,256 MB,Integrated,4,4,DVD-R,Windows 10 Pro
Dell Core i5 with Monitor Desktop (9020),6995.0,4.0,Dell,11 g,9020,Dell Computers,Dell Core i5 with Monitor Desktop 9,ice,1920 x 1080,1920x1080,Intel,Core i5,LGA 1150,1,500 GB,DDR4,DDR4 SDRAM,4 GB,HDD,Serial ATA,Intel UHD Graphics 630,Intel,Integrated,Shared,Integrated,Wi-Fi,1,DVD,DOS
"Dell DDR3 computer, complete with screen, keyboard, mouse, headphone, and web cam , 2724299164097",5250.0,2.6,Dell,8 Kilograms,Dell Computers,Dell Ddr3 Complete Computer - 272429,19 Inches,1920 x 1080,1920x1080,Intel,Intel Core 2 Duo,3 GHz,LGA 775,2,250 GB,DDR3,DDR3 SDRAM,2 GB,250 GB HDD,Serial ATA,"Built-in speakers, not removable or replaceable",Intel GMA 4500,Intel,Integrated,DDR3 SDRAM,Integrated,Wi-Fi,802.11ac,1,DVD-ROM,Windows 8.1
21.5 Inch Screen Desktop Computer Powerful 7th Generation Processor 16GB RAM 256GB SSD Elegant Design High Performance Imported in Excellent Condition Refurbished Grade A,21000.0,0.0,Generic,6 Kilograms,A1418,Generic,A1418,21.5 Inches,Intel,Core i5-7360U,2.3 GHz,BGA 1023,DDR4,16 GB,255.98,SSD,PCIE x 2,Integrated,DDR4 SDRAM,1536,Integrated,4,Mac OS
Dell - Optiplex 7020 SFF Core i5-4570 8GB DDR3 - 500GB 3.20 GHz,4695.0,1.0,Dell,29 x 30 x 9.5 cm; 21 kg,Assembled,Dell Computers,Optiplex 7020 SFF,Black,3840 x 2160,3840x2160,Intel,Core i5-4570,3.2 GHz,LGA 1150,1,8 GB,DDR3,DDR3 SDRAM,8 GB,500 GB,HDD,Serial ATA,Built-in stereo speakers,Intel HD Graphics 2500,Intel,Integrated,DDR3 SDRAM,Integrated,Wi-Fi,Windows,Windows 10 Pro,21 Kilograms
"Dell Computer, Hard Disk, 160GB RAM, 2 GB, 17in LCD Screen, 2724290095147",4990.0,2.6,Dell,11 g,2724290095147,Dell,"Dell Computer, Hard Disk, 160GB RAM",17 Inches,1280x1024,1280x1024,Intel,Pentium D,3 GHz,LGA 775,2,160 GB,DDR2,DDR2 SDRAM,160GB HDD,Serial ATA,Intel GMA 3100,Intel,Dedicated,GDDR3,PCI Express,Wi-Fi,802.11ac,Combo,Windows 7 Ultimate
"Dell Desktop PC DE LL OptiPlex 3060 SFF/CPU 8th Generation Intel Core i7 8700 3.4GHz / 16GB/SSD512GB Windows11 Pro & MS Office2019/USB3.0 DP/DVD, HDMI/Mouse Pad Free Service [Used] (16GB SSD512GB)",16089.0,5.0,Gootal-woo,DELL OptiPlex 3060 SFF,Gootal-woo,Optiplex,Small Form Factor,3840 x 2160,3840x2160 Dots Per Inch,Intel,Core i7 8700,3.4 GHz,FCLGA1151,4,DDR4,DDR4 SDRAM,32 GB,1,SSD,Serial ATA,80 RPM,Intel HD Graphics,Intel,Integrated,DDR4 SDRAM,4 GB,Integrated,4,4,1,DVD-RW,Windows 11 Pro
HP EliteDesk 705 G1 - SFF - A10 PRO-7800B 3.5 GHz - 8 GB - 500 GB,3675.0,3.4,HP,38 x 33.8 x 10 cm; 7.6 kg,HP EliteDesk 705 G1 SFF,HP,EliteDesk 705 G1,Black,1920 x 1080,1920x1080,AMD,AMD A4,3.5 GHz,1,8 GB,DDR4,DDR3 SDRAM,8 GB,1600 MHz,500 GB,HDD,Serial ATA,AMD,Intel,Integrated,DRAM,Integrated,Wi-Fi,1,Windows,Windows 10 Pro,7.6 Kilograms
"ASUS Vivobook 15 X515M With 15.6'' HD Display, Intel Celeron N4020 Processor |4GB DDR4 Ram |256GB SSD |Intel HD Graphics |Windows-11 (Slate Grey)",11500.0,3.6,ASUS,48.8 x 29.4 x 6.6 cm; 1.7 kg,3 Lithium Ion batteries required. (included),X515M-BR001W,ASUSTeK Computer Inc.,X515M-BR001W,Gray,Netbook,15.6 Inches,1920 x 1200 pixels,1920x1080 Pixels,Intel,Celeron N4020,2 GHz,1,4,DDR4 SDRAM,4 GB,256 GB,SSD,Headphones,Intel Iris Xe Graphics,Intel,Integrated,DDR4 SDRAM,4 GB,Integrated,"Bluetooth, Wi-Fi",1,3,5 Volts,N//A,Windows 11 Home,Yes,42 Watt Hours,Batteries contained in equipment,3,1.7 Kilograms
"Dell Inspiron 3520 Laptop - 12th Intel Core i3-1215U 6-Cores, 8GB RAM, 256GB SSD, Intel UHD Graphics, 15.6"" FHD (1920 x 1080) 120Hz 250 nits Anti-Glare, Windows 11 - Carbon Black",15069.0,3.6,Dell,57 x 32.4 x 7.6 cm; 1.8 kg,1 Lithium Ion batteries required.,I3520I1215U8G256W11,Dell,Inspiron 3520,Carbon Black,Laptop,15.6 Inches,1920 x 1080 pixels,1920x1080 Pixels,Intel,Core i3-1215U,4.4,6,DDR4,DDR4 SDRAM,16 GB,256 GB,SSD,PCIE x 4,Headphones,stereo speakers,Intel UHD Graphics,Intel,Integrated,DDR4 SDRAM,Integrated,"Intel(R) Wi-Fi 6 AX201, 2x2, 802.11ax, Bluetooth(R) wireless card","802.11ax, Bluetooth",1,2,1,240 Volts,CD-RW,Windows 11 Home,41 Watt Hours,Batteries contained in equipment,7,1.8 Kilograms
"Apple 2025 MacBook Air 13-inch Laptop with M4 chip: Built for Apple Intelligence, 13.6-inch Liquid Retina Display, 16GB Unified Memory, 256GB SSD Storage, 12MP Center Stage Camera, Touch ID; Midnight",53150.0,4.8,Apple,21.49 x 30.4 x 1.12 cm; 1.24 kg,1 Lithium Ion batteries required. (included),MW123LL/A,Apple,Midnight,13.6 Inches,Apple M4,10,Integrated,Integrated,"802.11ax, Bluetooth",Yes,53.8 Watt Hours,Batteries contained in equipment,4,1.24 Kilograms
"HP Pro Tower 290 G9 Desktop PC, Intel Core i5-13500, 8GB DDR4 RAM, 512GB SSD, FreeDOS",22999.0,5.0,HP,62 x 28.8 x 28.4 cm; 294.84 g,A54XGET,HP,HP Pro Tower 290 G9,Jet black,27 Inches,Intel,Core i5,3.4,BGA 413,14,DDR4,DDR4 SDRAM,8 GB,3200 MHz,512,SSD,USB 3.0,7200,Integrated Graphics,Dedicated,DDR4 SDRAM,8,Integrated,1,2,BD-R,DOS,295 g
"Lenovo IdeaCentre Gaming5 14IOB6: High-Performance Gaming Desktop with Intel Core i7, NVIDIA RTX 3060 , 16GB RAM, 1TB SSD, Windows 11, Compact Design, and Sleek Style",53819.0,3.2,Lenovo,50 x 39.7 x 24.2 cm; 2 kg,1 Lithium Ion batteries required. (included),90RE00L8ED,Lenovo,90RE00L8ED,Gray,Tower,1920 x 1080,Intel,Intel Core i7-11700F,2.5 GHz,LGA 1200,1,16 GB,DDR5,DDR5 RAM,512 GB,512 GB,SSD,Solid State,7200,NVIDIA GeForce RTX series,NVIDIA,Dedicated,DDR5 SDRAM,8 GB,AGP,Wi-Fi,802.11ac,2,1,DVD±RW,Windows 11,Yes,30 Watt Hours,Batteries packed with equipment,1,2 Kilograms
HP 6300/QV983AV Pro Computer (500 GB),3900.0,2.6,HP,11 Kilograms,6300/QV983AV,HP,HP 6300/QV983AV Pro Computer 500 GB,1280 x 720,1280x720,Core i5,3.4 GHz,4,8,DDR4,DDR4 SDRAM,500 GB,HDD,PCIE x 16,HD GRAPH. 2500,NVIDIA,Dedicated,DDR4 SDRAM,PCI Express,Wi-Fi,Nein
"Dell Optiplex 7020 SFF Desktop with Monitor (Intel Core i5, 4 GB, 500 GB, DOS)",5750.0,1.9,Dell,11 g,Optiplex 7020 SFF,Dell Computers,Optiplex 7020 SFF,"Small Form Factor, Tower",18.5 Inches,1366 x 768,1366x768,Intel,Core i5,4,500 GB,DDR3,DDR3 SDRAM,4 GB,500 GB,HDD,Serial ATA,Intel HD Graphics 4600,Integrated,DDR3 SDRAM,Integrated,Wi-Fi,802.11g,1,DOS
"HP EliteDesk 800 G3 Small Form Factor PC - Intel Core i5-6500,3.4 GHz, 500 GB, 4 GB, Eng-Ar Keyboard, Windows 10 Pro, Black",7799.0,2.7,HP,5.31 Kilograms,EliteDesk 800 G3,hp,EliteDesk 800 G3,Black,Small Form Factor,HD Graphics 630,1920x1080,Intel,Core i5 6500,3.4 GHz,4,4,DDR4,DDR4 SDRAM,500 GB,HDD,Serial ATA,Intel HD Graphics 530,Intel,Integrated,Shared,Integrated,Wi-Fi,Windows 10 Pro
"Dell OptiPlex Tower Desktop - 12th Intel Core i5-12500 6-Cores, 8GB DDR4 RAM, 512GB PCIe NVMe SSD, Wired Keyboard-KB216 + Optical Mouse-MS116, 8x DVD+/-RW 9.5mm Slimline Optical Disk Drive, UBUNTU",20999.0,5.0,Dell,39.4 x 26.39 x 48.69 cm; 5.17 kg,J2MJD,DELL,OPTIPLEX 3000 I5-12500 8G 512G,Black,Tower,3840x2160,Intel,Core i5-12500,3 GHz,LGA 1700,6,256 GB,DDR4,DDR4 SDRAM,8 GB,3200 MHz,512 GB,SSD,PCIE x 4,Intel HD Graphics 2500,Intel,Integrated,DDR4 SDRAM,Integrated,Wi-Fi,802.11ac,4,8x DVD+/-RW 9.5mm Slimline Optical Disk Drive,UBUBTU,No,5.17 Kilograms
"HP 1HK80EA ProDesk 600 G3 Microtower PC - Intel Core i5, 3.60 GHz, 500 GB",8140.0,3.6,HP,27.4 x 17 x 33.8 cm; 7.14 kg,ProDesk 600 G3 MT,hp,1HK80EA,Black,Smartphone,3.5 Inches,1920 x 1080,1920x1080,Intel,Core i5,3.6 GHz,LGA 1151 or LGA 1150 or LGA 1155 or LGA 1156,4,8 GB,DDR3,DDR4 SDRAM,4 GB,500 GB,HDD,Solid State,Speakers included,Intel HD Graphics 530,Intel,Integrated,DIMM,Integrated,Bluetooth,DVD-RW,Windows 10 Pro,7.14 Kilograms
"HP Z240 Tower WorkStation - Intel Core i5-6600, 1TB, 8GB, Eng-Arb-KB, Windows 10 Pro, Black",10400.0,3.4,HP,44.2 x 17 x 39.9 cm; 11 g,J9C04EA,hp,HP Z240,Black,Tower,3840 x 2160,3840x2160,Intel,Core i5 6600,3.3 GHz,LGA 1151,4,8 GB,DDR4,DDR4 SDRAM,1 TB,HDD,Serial ATA,AMD Radeon Graphics,AMD,Dedicated,DDR4 SDRAM,PCI Express,Wi-Fi,Windows 10 Pro,11 g
"Dell OptiPlex Tower Desktop - 12th Intel Core i5-12500 6-Cores, 8GB DDR4 RAM, 512GB PCIe NVMe SSD, Wired Keyboard-KB216 + Optical Mouse-MS116, 8x DVD+/-RW 9.5mm Slimline Optical Disk Drive, UBUNTU",20999.0,5.0,Dell,39.4 x 26.39 x 48.69 cm; 5.17 kg,J2MJD,DELL,OPTIPLEX 3000 I5-12500 8G 512G,Black,Tower,3840x2160,Intel,Core i5-12500,3 GHz,LGA 1700,6,256 GB,DDR4,DDR4 SDRAM,8 GB,3200 MHz,512 GB,SSD,PCIE x 4,Intel HD Graphics 2500,Intel,Integrated,DDR4 SDRAM,Integrated,Wi-Fi,802.11ac,4,8x DVD+/-RW 9.5mm Slimline Optical Disk Drive,UBUBTU,No,5.17 Kilograms
"ASUS TUF FA506NFR-HN007W laptop/AMD Ryzen 7-7435HS / 8GB Ram / 512GB SSD/Nvidia RTX 2050 4GB / 15.6"" FHD 144Hz / Win11 / Graphite Black/En-Ar RGB",31220.0,5.0,ASUS,30 x 40 x 3 cm; 2.3 kg,1 Lithium Ion batteries required. (included),90NR0JU7-M000R0,ASUS,ASUS TUF,Black,Clamshell,15.6,1920 x 1200 pixels,1920x1200 Pixels,AMD,AMD Ryzen 7,3.1 GHz,8,DDR5,DDR5 RAM,32 GB,5600 MHz,512 GB,SSD,NVIDIA GeForce RTX 2050,NVIDIA,Dedicated,GDDR6,4 GB,Integrated,802.11ax,4,4,1,BD-R,Windows 11 Home,6 Hours,Yes,48 Watt Hours,Batteries contained in equipment,3,2.3 Kilograms
"Dell Vostro 3520 Laptop - 12th Intel Core i7-1255U 10-Cores, 16GB RAM, 512GB SSD, Intel UHD Graphics, 15.6"" FHD (1920 x 1080) 120Hz 250 nits Anti-Glare, FingerPrint, Ubuntu - Carbon Black",28042.2,3.2,Dell,49.2 x 32.4 x 7.3 cm; 1.83 kg,V3520I1255U16G512G,Dell,Vostro 3520,Carbon Black,Laptop,15.6 Inches,1920 x 1080 pixels,1920x1080 Pixels,Intel,Core i7-1255U,4.7,10,16 GB,DDR4,DDR4 SDRAM,16 GB,512 GB,512GB PCIe NVMe SSD,PCIE x 4,Speakers,Built-in speakers,Intel UHD Graphics,Intel,Integrated,DDR4 SDRAM,Integrated,"802.11ac, Bluetooth wireless card","801.11ac, Bluetooth",1,2,1,1,240 Volts,Ubuntu,9 Hours,54 Watt Hours,Batteries contained in equipment,1.83 Kilograms
Dell Optiplex 7060 intel core i7-8700 Ram 8GB DDR4 HDD 1TB 7200RPM windows 10 Pro,15995.0,2.0,Dell,48.8 x 39.6 x 33.6 cm; 8.11 kg,Dell Optiplex 7060,Dell Computers,Optiplex 7060,Black,3840 x 2160,3840x2160,Intel,Core i7 8700,3.2 GHz,1,8 GB,DDR4,DDR4 SDRAM,8 GB,1 TB,HDD,Serial ATA,Intel UHD Graphics 630,Intel,Dedicated,Wi-Fi,802.11ac,Intel,Windows 10 Pro,8.11 Kilograms
"HP Z440 Workstation - Intel Xeon E5-1620 v4,1TB, 16GB, Eng-Arb-KB, Windows 10 Pro, Black",16474.0,3.6,HP,11 g,HP Z440 Workstation,HP,HP Z440 Workstation,Black,3840 x 2160,3840x2160,Intel,Intel Xeon,3.5 GHz,8,16 GB,DDR4,DDR4 SDRAM,16 GB,1 TB,HDD,GeForce GTX 1050 Ti,NVIDIA,Integrated,DDR4 SDRAM,PCI Express,Wi-Fi,802.11ac,Windows 10 Pro
"Dell OptiPlex 3000 Tower Desktop -12th Intel Core i5-12500 6-Cores, 8GB DDR4 RAM, 512GB PCIe NVMe SSD, Wired Keyboard-KB216 + Optical Mouse-MS116, 8x DVD+/-RW 9.5mm Slimline Optical Disk Drive, UBUNTU",24000.0,5.0,Dell,29.2 x 15.4 x 32.5 cm; 5.17 kg,OPTIPLEX 3000 I5-12500 8G 512G UBU,DELL,OPTIPLEX 3000 I5-12500 8G 512G UBU,red,Tower,3840 x 2160,3840x2160,Intel,Core i5,3 GHz,LGA 2066,6,8 GB,DDR4,DDR4 SDRAM,8 GB,3200 MHz,512 GB,SSD,PCIE x 4,Integrated Graphics,Intel,Integrated,DDR4 SDRAM,Integrated,2,8x DVD+/-RW 9.5mm Slimline Optical Disk Drive,UBUBTU,No,5.17 Kilograms
"Apple 2024 MacBook Pro Laptop with M4 Pro, 12-core CPU, 16-core GPU: Built for Apple Intelligence, 14.2-inch Liquid Retina XDR Display, 24GB Unified Memory, 512GB SSD Storage; Space Black; EN Keyboard",102750.0,4.8,Apple,31.27 x 22.12 x 1.55 cm; 1.6 kg,1 Lithium Ion batteries required. (included),MX2H3LL/A,Apple,MacBook Pro,Space Black,14.2 Inches,Apple,Apple A8,2.8 GHz,12,24 GB,GDDR5,512 GB,SSA,Integrated,Integrated,"802.11ax, Bluetooth",Apple M4 Pro,Mac OS X,Yes,Batteries contained in equipment,6,1.6 Kilograms
Dell Optiplex 5040 Mini Tower Personal Computer with Intel Core i7-6700,9895.0,5.0,Dell,11 g,OPTIPLEX 5040,Dell Computers,Optiplex 5040,Black,Tower,1024x768,1024x768,Intel,Core i7,3.4 GHz,1,8,Shared,8 GB,500 GB,HDD,Serial ATA,Intel HD Graphics,Intel,Integrated,Shared,Integrated,Wi-Fi,DOS
"HP Victus Gaming Laptop 12th Gen Intel 8-Core i5-12450H, 8GB RAM, 512GB SSD, 4GB NVIDIA GeForce RTX 3050, 15.6” FHD (1920 x 1080) 144Hz, Windows 11 Home",32999.0,5.0,HP,25.5 x 35.7 x 2.3 cm; 2.33 kg,15-fa0033dx,HP,Victus Gaming Laptop,Performance blue,LAPTOP,15.6 Inches,1920 x 1080 pixels,1920x1080 Pixels,Intel,Intel Core i5,4.4 GHz,8,8,DDR4,DDR5 RAM,16 GB,3200 MHz,512 GB,"512 GB PCIe NVMe M.2 SSD, SSD",PCIE x 4,Audio by B&O; Dual speakers; HP Audio Boost,NVIDIA GeForce RTX 3050,NVIDIA,Dedicated,GDDR6,4 GB,AGP,MediaTek Wi-Fi 6 MT7921 (2x2) and Bluetooth® 5.3 wireless card (supporting gigabit data rate) Modern Standby (Connected); HP Extended Range Wireless LAN,"802.11ax, Bluetooth",3,1,1,7.4 Volts,Does not include,Windows 11,6 Hours,70 Watt Hours,Batteries contained in equipment,2.33 Kilograms
"Fodenn Mini PC,16GB RAM 512GB M.2 SSD, Windows 11, Intel 12th Alder Lake-N95(up to 3.4GHz), Mini Computers Desktop Support 2.5' SATA/Dual HDMI 4K/ 4 USB 3.2/ WiFi 5/ BT 4/ 1000M LAN for Home Office",18900.0,0.0,Fodenn,11.51 x 10.11 x 4.01 cm; 340 g,F10,Fodenn,Mini PC F10,Black,Small Form Factor,3840 x 2160,3840x2160,Intel,Mobile Intel Celeron Processor,3.4 GHz,BGA 413,1,16 GB,DDR4,DDR4 SDRAM,32 GB,3.4 GHz,512,SSD,eSATA,3500,Basic Speakers,Intel UHD Graphics 600,Intel,Integrated,DDR DRAM,8 GB,Integrated,"2.4 GHz Radio Frequency, 5 GHz Radio Frequency, Bluetooth",4,2,PC,Windows 11 Pro,340 g
"Dell Optiplex 9020 MT N-Series Desktop PC - Intel Core i5, 18.5 Inch Wide LED, 500 GB, 4 GB, DOS",7000.0,3.5,Dell,14 Kilograms,Optiplex 9020 MT N,Dell Computers,Optiplex 9020 MT N,Black,18.5 Inches,1366 x 768,Intel,Core i5,LGA 1155,1,500 GB,DDR3,DDR3 SDRAM,500 GB,SSD,Serial ATA,Intel HD Graphics 2000,Intel,Integrated,DDR3 SDRAM,PCI Express,Wi-Fi,1,DOS
"Apple 2024 MacBook Pro Laptop with M4 Max, 16‑core CPU, 40‑core GPU: Built for Apple Intelligence, 16.2-inch Liquid Retina XDR Display, 48GB Unified Memory, 1TB SSD Storage; Space Black",239999.0,4.8,Apple,35.59 x 24.82 x 1.68 cm; 2.15 kg,1 Lithium Ion batteries required. (included),MX313LL/A,Apple,MX313LL/A,Space Black,16.2 Inches,Apple,Apple A8,2.8 GHz,16,48 GB,DDR4 SDRAM,1 TB,SSD,SSA,Integrated,Integrated,"802.11ax, Bluetooth",Apple M4 Max,Mac OS X,Yes,99.6 Watt Hours,Batteries contained in equipment,6,2.15 Kilograms
"Dell Vostro 3520 Laptop - 12th Intel Core i5-1235U 10-Cores, 8GB RAM, 512GB SSD, Intel UHD Graphics, 15.6"" FHD (1920 x 1080) 120Hz 250 nits Anti-Glare, FingerPrint, Ubuntu - Carbon Black",21749.0,3.2,Dell,49.29 x 27.9 x 7.2 cm; 1.8 kg,1 Lithium Ion batteries required. (included),V3520I1235U8G512G,Dell,Vostro 3520,Carbon Black,Laptop,15.6 Inches,1920 x 1080 pixels,1920x1080 Pixels,Intel,Core i5-1235U,4.4,10,8 GB,DDR4,DDR4 SDRAM,16 GB,512 GB,512GB PCIe NVMe SSD,PCIE x 4,Speakers,Integrated speakers,Intel UHD Graphics,Intel,Integrated,DDR4 SDRAM,Integrated,"802.11ac, Bluetooth wireless card","801.11ac, Bluetooth",1,2,1,1,240 Volts,CD-RW,Ubuntu,Yes,41 Watt Hours,Batteries contained in equipment,1 g,7,3,1.8 Kilograms
Microsoft Windows 10 Pro Computer (2724341667620),699.0,0.0,Microsoft,11 g,syriana.store,Microsoft,Microsoft Windows 10 Pro Computer (,1,DDR4 SDRAM,16GB/20GB HDD,Serial ATA,Integrated Graphics,Dedicated,PCI Express,Wi-Fi,Microsoft Windows,Windows 10 Pro
"HP 15 Laptop - Ryzen 3 3250U, 8 GB RAM, 256 GB PCIe NVMe M.2 SSD, AMD Radeon Graphics, 15.6"" HD (1366 x 768) micro-edge anti-glare 220 nits, Dos - Black",14635.56,3.5,HP,52 x 30.5 x 6.9 cm; 1.74 kg,HP,HP 15 R3 3250 8G 256G,Black,Laptop,15.6 Inches,1366 x 768 pixels,1024x768 Pixels,AMD,Ryzen 3 3250U,2600 MHz,2,16 GB,DDR4,DDR4 SDRAM,8 GB,256 GB,SSD,Headphones,AMD,Integrated,DDR4 SDRAM,Integrated,2,1,DOS,41 Watt Hours,1.74 Kilograms
"Dell Latitude 5490 14"" FHD (1920 x 1080) Business Laptop, Intel Core i5-7300U, 2.6Ghz Up to 3.5GHz, 16GB DDR4 RAM, 512GB SSD, Backlit Keyboard, VGA, HDMI, USB-C, Webcam, Windows 10 Pro (Renewed)",0.0,4.3,Dell,33.78 x 22.86 x 1.78 cm; 2.18 kg,Dell Latitude 5490,Dell,Dell Latitude 5490 Laptop,i5-7300U,Clamshell,14 Inches,1920 x 1080 pixels,1920x1080 Pixels,Intel,2.6 GHz,4,16 GB,DDR4,DDR4 SDRAM,16 GB,512 GB,SSD,Serial ATA,Speakers,Core i5-7300U,Intel,Integrated,DDR4 SDRAM,802.11bgn,240 Volts,No,PC,Windows 10 Pro,7 Hours,No,2.18 Kilograms
"HP Z420 Xeon E5-1610 v2 3.0GHz, 16GB, 1TB, 1GB VGA NVIDIA GT710, DVD-WR, Keyboard Mouse, WIN7 Pro Workstation",9100.0,2.3,HP,10 Kilograms,HP WORKSTATION Z420,hp,Z420,Black,Tower,1920 x 1080,1920x1080,Intel,Intel Xeon,3 GHz,2,1,DDR4,DDR4 SDRAM,16 GB,1 TB,HDD,Serial ATA,NVIDIA GeForce GT 710,NVIDIA,Dedicated,GDDR5,1 GB,PCI Express,Wi-Fi,DVD-RW,Windows 7 Professional
"Dell - OptiPlex 7060 Tower Desktop PC Intel Core i7-9700,32GB DDR4 RAM, 1TB HDD Plus 512GB SSD, 4GB Dedicated Graphic Card, Windows 10 Pro 64-bits",29950.0,1.0,Dell,11 g,7070,Dell Computers,Black,Black,Tower,3840 x 2160,Intel,Core i7,3 GHz,LGA 1151,1,32 GB,DDR4,DDR4 SDRAM,32 GB,1 TB,SSD,Serial ATA,Intel UHD Graphics 630,Intel,Dedicated,DDR4 SDRAM,4 GB,PCI Express,Wi-Fi,802.11ac,Intel,Windows 10
"Lenovo IdeaPad 3 15ALC6 Laptop - Ryzen 7 5700U 8 Cores, 8GB RAM, 1TB HDD, Integrated AMD Radeon Graphics, 15.6"" FHD (1920x1080) TN 250nits Anti-glare, Dos - Arctic Grey",20812.0,3.7,Lenovo,53.6 x 33.4 x 8.2 cm; 1.65 kg,Lenovo,Lenovo IdeaPad 3 - 82KU00WCAK,Arctic Grey,Laptop,15.6 Inches,1920 x 1080 pixels,1920x1080 Pixels,AMD,AMD Ryzen 7 5700U,1.8 GHz,8,8 GB,DDR4,DDR4 SDRAM,8 GB,1 TB,HDD,Serial ATA,Speakers,Built-in speakers for audio output,AMD Radeon Graphics,AMD,AMD Radeon Graphics,DDR4 SDRAM,Integrated,Bluetooth,1,1,24 Volts,DOS,38 Watt Hours,Batteries contained in equipment,1.65 Kilograms
"Lenovo V15 G2 Laptop - Ryzen 5 5500U 6-Cores, 8 GB RAM, 256 GB SSD PCIe NVMe, Integrated AMD Radeon Graphics, 15.6"" FHD (1920x1080) TN 250nits Anti-glare, Dos - Black",19550.0,3.4,Lenovo,55.7 x 34.5 x 7.4 cm; 1.7 kg,Lenovo V15 G2 5500U 8G 256G,Lenovo,Lenovo V15 G2 5500U 8G 256G,Black,Traditional Clamshell,15.6 Inches,1920 x 1080 pixels,1920x1080 Pixels,AMD,AMD Ryzen 5 5500U,2.1 GHz,6,8 GB,DDR4,DDR4 SDRAM,8 GB,256 GB,SSD,Speakers,Built-in Speakers,AMD,Integrated,DDR4 SDRAM,Integrated,"Bluetooth, Wi-Fi",1,1,7.7 Volts,DOS,12 Hours,1.7 Kilograms
"2022 Apple MacBook Air laptop with M2 chip: 13.6-inch Liquid Retina display, 8GB RAM, 256GB SSD storage, 1080p FaceTime HD camera. Works with iPhone and iPad; Starlight; English",48000.0,4.6,Apple,33.44 x 5.57 x 24.37 cm; 1.2 kg,1 Lithium Ion batteries required. (included),Apple M2,Apple,Starlight,Notebook,13.6 Inches,2560 x 1600 pixels,Apple,8,8 GB,DDR3,256 GB,"Headphones, Speakers",Apple,Integrated,Integrated,2,3.8 Volts,Mac OS,18 Hours,Yes,52.6 Watt Hours,Batteries contained in equipment,1,1.2 Kilograms
"Lenovo IdeaPad Flex 5 2n1 Laptop - Intel Core i5-1135G7, 8GB RAM, 256GB SSD, Intel Iris Xe Graphics, 14"" FHD (1920x1080) IPS 250nits 10-point Multi-touch, FingerPrint, Windows 11 + Lenovo Digital Pen",31900.0,3.6,Lenovo,47.6 x 28.2 x 6.9 cm; 1.5 kg,IdeaPad Flex 5 14ITL05,Lenovo,IdeaPad Flex 5 14ITL05 i5-1135G7 8G 256G W11,Graphite Grey,2-in1 Laptop,14 Inches,1920 x 1080 pixels,1920x1080 Pixels,Intel,Intel Core i5-1135G7,2.4 GHz,4,DDR4,DDR4 SDRAM,8 GB,3200 MHz,256 GB,256GB SSD M.2 2242 PCIe® 3.0x4 NVMe,PCIE x 4,High Definition (HD) Audio,"Stereo speakers, 2W x2, optimized with Dolby® Audio",Intel Iris Xe Graphics,Intel,Integrated,DDR4 SDRAM,Integrated,"Bluetooth, Wi-Fi",2,5 Volts,Windows 11,10 Hours,No,52.5 Watt Hours,Batteries contained in equipment,1.5 Kilograms
"Dell Optiplex 9020MT Intel Core i7 16GB RAM 1TB Hdd, Win 7 Pro 18.5in Monitor Media Desktop Computer",0.0,2.3,Dell,121 x 121 x 121 cm; 21 kg,Assembled,Dell,Optiplex 9020MT,Black,18.5 Inches,1920 x 1080,1920x1080,Intel,Core i7,3.4 GHz,LGA 1156,1,16,DDR3,DDR3 SDRAM,16 GB,1 TB,HDD,Serial ATA,Integrated,Intel,Integrated,DDR4 SDRAM,Integrated,Wi-Fi,802.11ac,1,Windows 7 Professional,21 Kilograms
Dell OptiPlex 5000 Desktop Computer - Intel Core i5 12th Gen i5-12500 Hexa-core (6 Core) 3 GHz - 8 GB RAM DDR4 SDRAM - 256 GB M.2 PCI Express NVMe 3.0 x4 SSD - Tower - Black,24700.0,0.0,Dell,39.37 x 33.78 x 49.28 cm; 7.23 kg,HYDM3,Dell Technologies,OptiPlex 5000,Black,Tower,Intel,Core i5,3 GHz,6,8 GB,DDR4,DDR4 SDRAM,128 GB,256 GB,SSD,Solid State,Intel UHD Graphics 770,Intel,Integrated,Shared,Integrated,Bluetooth,Bluetooth,4,1,DVD,PC,Windows 10 Pro,7.24 Kilograms
"Dell Latitude E5540 Intel Core i5 15.6in Notebook Computer (Ca002Le55402Edb-3Y, 500GB, 8GB SSD, 4 GB, Windows 8, Black)",13300.0,3.3,Dell,11 g,E5540,Dell Computers,Latitude,Black,Clamshell,15.6 Inches,1366 x 768 pixels,1366x768,Intel,Core i5,1.7 GHz,2,8,DDR4,DDR4 SDRAM,4 GB,500 GB,SSD,Serial ATA,Headphones,Intel,Integrated,Wi-Fi,DVD RW,Windows
"GMKtec M5 Plus Gaming Mini PC Ryzen 7 5825U (Upgraded 7430U/ 5700U), 32GB RAM 1TB SSD Dual NIC LAN 2.5GbE Desktop Computers Office Home, Triple 4K Display, WiFi 6E, USB3.2, USB-C, BT 5.2, DP, HDMI 2.0",38000.0,4.4,GMKtec,25.4 x 5.08 x 6.86 cm; 498.95 g,M5,Shenzhenshi Jimokekejiyouxiangongsi,M5,Space Blue,Small Form Factor,75 Inches,3840 x 2160,4096 × 2160,AMD,AMD Ryzen 7 5700U,4.3 GHz,FP6,8,32 GB,DDR4,SODIMM,32 GB,3200 MHz,1 TB,M.2 2280 NVME SSD Dual Slot Max. 4TB,PCIE x 16,7200 RPM,AMD Radeon Graphics (Integrated),AMD,Integrated,VRAM,32 GB,Integrated,Wi-Fi,"2.4 GHz Radio Frequency, 5 GHz Radio Frequency, 5.8 GHz Radio Frequency, 802.11a/b/g/n/ac, Bluetooth",2,2,1,PC,Windows 11 Pro,No,499 g
"Beelink EQ12 Mini PC with N100 Processor, 16G DDR5 500G SSD Mini Desktop PC, WiFi6, BT5.2, Triple Display Dual HDMI/Type-c, Dual Ethernet LAN Business Mini Computer",25880.0,4.5,Beelink,15.6 x 14.2 x 10.49 cm; 971 g,MINIS,"Shenzhen AZW Technology Co.,Ltd.",EQ12,Black,Stick,3840 x 2160,3840 x 2160 pixels,Intel,Celeron,3.4 GHz,Socket 7,4,16 GB,DDR5,DDR5 SDRAM,16 GB,500,SSD,PCIE x 4,500.00,Integrated Graphics,Intel,Integrated,DRAM,Integrated,Bluetooth,Bluetooth,2,Windows 11 Pro,No,971 g
"Lenovo V15 G2 Laptop - Ryzen 5 5500U 6 Cores, 8GB RAM, 1TB HDD, Integrated AMD Radeon Graphics, 15.6"" FHD (1920x1080) TN 250nits Anti-glare, Dos - Black",21000.09,4.0,Lenovo,53.4 x 33.1 x 7.3 cm; 1.7 kg,Lenovo V15 G2 5500U 8G 1T,Lenovo,Lenovo V15 G2 5500U 8G 1T,Black,Laptop,15.6 Inches,1920 x 1080 pixels,1920x1080 Pixels,AMD,AMD Ryzen 5 5500U,2.1 GHz,6,8 GB,DDR4,DDR4 SDRAM,12 GB,3200 MHz,1 TB,HDD,Serial ATA,Speakers,AMD Radeon,AMD,Integrated,DDR4 SDRAM,Integrated,11ac 2x2 + BT5.1,"801.11ac, Bluetooth",1,1,1,1,5 Volts,65 watts,DOS,38 Watt Hours,Batteries contained in equipment,1.7 Kilograms
"AWOW Mini PC Intel Core i9-11900H(4.9GHz, 8C/16T), NO RAM, NO SSD, NO OS, 4K Triple Display/WiFi6/BT5.2/2X 2.5G LAN/4X USB3.2 Gen 2, Mini Desktop Computer Barebone",34800.0,4.3,AWOW,17.78 x 17.78 x 6.35 cm; 952.54 g,MGI9,AWOW,Mini pc-MGI9,4096 x 2304,4096x2304,Intel,Core i9-11900H,4.9 GHz,FCBGA1787,8,32,DDR4,SODIMM,64 GB,4.9 GHz,SSD,Solid State,Intel UHD Graphics,Intel,Integrated,DDR4 SDRAM,Integrated,Bluetooth,"802.11ax, Bluetooth",2,4,1,PC,Windows 10,No,953 g
